price,latitude,longitude,bathrooms,status,furnished_status
21000000.0,19.0267333984375,72.85533905029297,2.0,1.0,0.0
14100000.0,19.10005168,72.88491275,2.0,-1.0,0.0
17000000.0,19.1244725527693,72.8522472936752,2.0,1.0,-1.0
26000000.0,19.037694,72.84029,2.0,-1.0,0.0
14500000.0,19.2139835357666,72.85508728027344,2.0,1.0,2.0
7009999.0,19.1189193725586,72.86402893066406,2.0,1.0,0.0
21000000.0,19.205001831054688,72.86927032470703,2.0,1.0,0.0
17500000.0,19.0761042,72.9039516,2.0,-1.0,0.0
13000000.0,19.20393269,72.82766012,3.0,1.0,-1.0
40000000.0,19.1154899597168,72.87269592285156,2.0,1.0,1.0
13500000.0,19.2335321,72.839198,2.0,1.0,0.0
45000000.0,19.1590077,72.86927109999999,4.0,1.0,2.0
21000000.0,19.0995917,72.8826838,2.0,1.0,-1.0
25000000.0,19.154186,72.946437,2.0,1.0,1.0
16399999.0,19.185937300000003,72.9425994,2.0,1.0,-1.0
21000000.0,19.0908063,72.90766690000001,2.0,1.0,-1.0
30000000.0,19.0325516,72.8449938,2.0,1.0,-1.0
29000000.0,19.140335,72.8647155,2.0,-1.0,1.0
19000000.0,19.071989,72.88408199999999,2.0,1.0,-1.0
7540000.0,19.28217,72.87654,2.0,1.0,-1.0
30000000.0,19.2248756,72.86314300000001,3.0,-1.0,0.0
4500000.0,19.4065984,72.8369755,2.0,1.0,-1.0
23500000.0,19.119176864624023,72.86361694335938,2.0,1.0,0.0
16500000.0,19.10005168,72.88491275,2.0,1.0,-1.0
32000000.0,19.1194535300128,72.8513989395118,2.0,1.0,-1.0
16000000.0,19.119037628173828,72.8641586303711,2.0,1.0,0.0
40000000.0,19.01751708984375,72.84711456298828,3.0,1.0,2.0
33000000.0,19.0217472077863,72.84346191187021,2.0,1.0,-1.0
17000000.0,19.162992477416992,72.83930206298828,2.0,-1.0,0.0
36000000.0,19.100385665893555,72.8504638671875,2.0,1.0,1.0
4600000.0,19.3602150985917,72.847646,2.0,1.0,-1.0
15500000.0,19.06911277770996,72.8978271484375,2.0,1.0,0.0
7500000.0,19.278546,72.870655,2.0,1.0,-1.0
12500000.0,19.2539332,72.8672448,2.0,1.0,2.0
16500000.0,18.994070053100582,72.85102081298828,2.0,1.0,1.0
17100000.0,19.0508715,72.9141782,2.0,1.0,-1.0
19000000.0,19.207013957875898,72.87943298291121,3.0,1.0,-1.0
17000000.0,19.129737854003903,72.82915496826172,2.0,1.0,0.0
45000000.0,19.1154899597168,72.87269592285156,4.0,1.0,1.0
20000000.0,19.079998016357425,72.85449981689453,2.0,1.0,2.0
19000000.0,19.116876,72.926552,2.0,1.0,-1.0
14800000.0,19.196419,72.857878,2.0,-1.0,0.0
21500000.0,19.2050017,72.86927109999999,2.0,1.0,-1.0
18000000.0,19.172489,72.86630500000001,2.0,1.0,-1.0
19000000.0,19.14609,72.84583,2.0,1.0,-1.0
21000000.0,19.03891,72.868286,2.0,1.0,-1.0
55000000.0,19.019547,72.83825470000001,3.0,1.0,2.0
45000000.0,19.08150863647461,72.83767700195312,3.0,1.0,0.0
41000000.0,19.0508155,72.9132023,3.0,1.0,-1.0
33500000.0,19.157011,72.95030600000001,3.0,1.0,-1.0
18000000.0,18.968408584594727,72.8310546875,3.0,1.0,0.0
14500000.0,19.16332,72.94913000000001,2.0,1.0,-1.0
15100000.0,19.131688,72.840701,2.0,-1.0,1.0
18000000.0,19.10919095,72.88469140000001,2.0,1.0,-1.0
29000000.0,19.12238883972168,72.86602783203125,3.0,1.0,0.0
27600000.0,19.11933326721192,72.86392211914062,2.0,1.0,0.0
40000000.0,19.0128091,72.851598,3.0,1.0,2.0
17500000.0,19.175420000000003,72.85351,2.0,1.0,2.0
22000000.0,19.25190544128418,72.85041809082031,2.0,1.0,2.0
14500000.0,19.17612419,72.88053823,2.0,1.0,-1.0
12600000.0,19.13449,72.92645999999999,2.0,-1.0,0.0
45500000.0,19.15038469,72.82855247,3.0,1.0,-1.0
33000000.0,19.23612,72.84193,3.0,1.0,2.0
4950000.0,19.1996701,72.8580561,2.0,1.0,-1.0
38000000.0,19.119285583496094,72.86461639404297,2.0,1.0,0.0
20500000.0,19.1590077,72.86927109999999,2.0,1.0,0.0
37000000.0,19.019546508789062,72.8382568359375,2.0,1.0,1.0
13500000.0,19.0151285,72.8580644,2.0,-1.0,1.0
26000000.0,19.02814292907715,72.87950134277344,2.0,1.0,1.0
12000000.0,19.3093926,72.8485939,2.0,1.0,1.0
33000000.0,19.139707,72.7614142,2.0,1.0,-1.0
17500000.0,19.1047312,72.91713109999999,2.0,-1.0,2.0
27500000.0,19.2050017,72.86927109999999,2.0,1.0,-1.0
18500000.0,19.077063,72.8840395,4.0,1.0,-1.0
23700000.0,19.13449,72.92645999999999,3.0,-1.0,0.0
30000000.0,19.096202,72.919057,2.0,1.0,-1.0
37500000.0,19.0158306,72.82939209999999,2.0,1.0,1.0
14500000.0,19.11895751953125,72.86405181884766,2.0,1.0,0.0
18000000.0,19.122307,72.89599270000001,2.0,1.0,-1.0
45000000.0,19.11724090576172,72.85493469238281,4.0,1.0,0.0
15000000.0,19.141983,72.9309595,2.0,1.0,-1.0
20000000.0,19.14198875427246,72.84905242919922,2.0,1.0,2.0
20500000.0,19.119007110595703,72.86405181884766,2.0,1.0,2.0
30500000.0,19.03039,72.85475,2.0,-1.0,1.0
17500000.0,19.1066791,72.915486,2.0,1.0,-1.0
19600000.0,19.205736,72.87253100000001,2.0,1.0,-1.0
23500000.0,19.13894569,72.82940015,2.0,1.0,-1.0
37500000.0,19.083066940307614,72.9052734375,3.0,1.0,0.0
11000000.0,19.058354100000003,72.8802798,2.0,1.0,-1.0
35000000.0,19.169705,72.853001,3.0,1.0,-1.0
6800000.0,19.15117,72.89089,2.0,1.0,0.0
36000000.0,19.1771773695655,72.9600928443916,3.0,1.0,-1.0
26000000.0,19.1297376,72.8291555,2.0,1.0,-1.0
20000000.0,19.119434356689453,72.86378479003906,2.0,1.0,2.0
12500000.0,19.079372,72.885436,2.0,1.0,-1.0
29500000.0,19.11931228637696,72.8646469116211,2.0,1.0,1.0
6600000.0,19.14989,72.92631,2.0,1.0,0.0
22500000.0,19.100385665893555,72.8504638671875,2.0,1.0,0.0
32500000.0,19.157602,72.945243,2.0,1.0,-1.0
17500000.0,19.1733748299616,72.8684461800584,2.0,1.0,-1.0
33600000.0,19.0327996,72.89635679999999,3.0,-1.0,0.0
17600000.0,19.12886619567871,72.8330307006836,2.0,-1.0,0.0
21000000.0,19.12882804870605,72.8330078125,2.0,1.0,0.0
19000000.0,19.1345125,72.86339834,3.0,-1.0,0.0
16200000.0,19.1613974316377,72.83648461597791,2.0,1.0,-1.0
29000000.0,19.20249938964844,72.82256317138672,3.0,1.0,0.0
27500000.0,19.1154899597168,72.87269592285156,3.0,1.0,2.0
12000000.0,19.22889,72.82409,2.0,1.0,0.0
21000000.0,19.133092,72.93475,3.0,-1.0,0.0
17000000.0,19.1907193,72.8618457,2.0,-1.0,0.0
21500000.0,19.07711601257324,72.84907531738281,2.0,1.0,0.0
26000000.0,19.183975,72.85414957732429,2.0,1.0,-1.0
15000000.0,19.16703502,72.88127374,2.0,1.0,-1.0
15500000.0,19.174673080444336,72.94310760498047,2.0,1.0,1.0
32000000.0,19.028728485107425,72.84416198730469,3.0,1.0,2.0
6500000.0,19.3693345,72.806127,2.0,1.0,1.0
45000000.0,18.963298797607425,72.84329223632812,3.0,1.0,2.0
18100000.0,19.12258624,72.86705,2.0,-1.0,0.0
49000000.0,19.0555163184335,72.8321900572049,2.0,1.0,-1.0
22500000.0,19.22833,72.86658,2.0,1.0,0.0
22000000.0,19.07907,72.907976,2.0,1.0,0.0
24000000.0,19.1595755,72.9465747,2.0,1.0,-1.0
30000000.0,19.152852,72.840615,3.0,1.0,-1.0
12500000.0,19.1456725,72.929009,2.0,1.0,-1.0
12800000.0,19.1201089,72.8506354,2.0,1.0,-1.0
29000000.0,19.119234085083008,72.86463928222656,4.0,1.0,1.0
25000000.0,19.1485826410123,72.939661,3.0,1.0,-1.0
22000000.0,19.1240672,72.84205406,2.0,1.0,-1.0
7000000.0,19.28217,72.87654,2.0,1.0,0.0
22600000.0,19.16970443725586,72.8530044555664,2.0,1.0,0.0
42500000.0,18.9984209,72.8426858,3.0,1.0,-1.0
29000000.0,19.157602,72.945243,3.0,-1.0,1.0
18000000.0,19.122307,72.89599270000001,2.0,1.0,-1.0
22000000.0,19.1345125,72.86339834,2.0,-1.0,0.0
25500000.0,19.14139747619629,72.83588409423828,3.0,1.0,0.0
30000000.0,19.02669906616211,72.85302734375,2.0,1.0,1.0
6500000.0,18.9690247,72.8205292,2.0,1.0,2.0
24000000.0,19.10005168,72.88491275,3.0,1.0,-1.0
17500000.0,19.1889733,72.8220064,2.0,1.0,2.0
18500000.0,19.07907,72.907976,2.0,-1.0,0.0
29500000.0,19.1219420779647,72.85689808347509,3.0,1.0,-1.0
8000000.0,19.2792749,72.8736743,2.0,1.0,-1.0
21000000.0,19.1657776586512,72.96022003316921,2.0,1.0,-1.0
45000000.0,19.17231,72.87262,3.0,1.0,0.0
25000000.0,19.2062083,72.87253100000001,2.0,1.0,-1.0
42500000.0,19.07072639465332,72.83612823486328,2.0,1.0,2.0
29000000.0,19.16048049926757,72.94487762451172,3.0,1.0,2.0
39000000.0,19.006180342037,72.8286779623475,2.0,1.0,-1.0
16000000.0,19.21388435363769,72.85501861572266,3.0,1.0,1.0
15200000.0,19.079069,72.889208,2.0,1.0,-1.0
18500000.0,19.118157,72.856716,2.0,-1.0,1.0
25000000.0,19.100385,72.850466,2.0,1.0,2.0
12600000.0,19.155673,72.94114300000001,2.0,-1.0,1.0
39800000.0,19.0038320445835,72.8505157603601,2.0,1.0,1.0
25000000.0,19.039151500000003,72.84047029999999,2.0,1.0,-1.0
36000000.0,19.1181,72.89485,3.0,1.0,-1.0
18000000.0,19.119253158569336,72.86457061767578,2.0,1.0,2.0
12000000.0,19.142655,72.834499,2.0,1.0,-1.0
30000000.0,19.046959,72.915291,3.0,-1.0,0.0
45000000.0,19.01751708984375,72.84711456298828,3.0,1.0,2.0
9500000.0,19.28217,72.87654,2.0,1.0,1.0
32000000.0,19.0013826,72.84845279999999,2.0,1.0,-1.0
35000000.0,19.11895179748535,72.86408233642578,3.0,1.0,2.0
18500000.0,19.20986504,72.86404901,2.0,1.0,-1.0
42000000.0,19.119272232055664,72.8646011352539,2.0,1.0,0.0
34000000.0,19.053375,72.897061,3.0,-1.0,0.0
41900000.0,19.0937492,72.922604,2.0,1.0,-1.0
9100000.0,19.2202125988807,72.8230962043468,2.0,1.0,-1.0
50000000.0,19.019078,72.847976,3.0,1.0,-1.0
18500000.0,19.2052078,72.8633728,2.0,-1.0,0.0
17500000.0,19.20990129,72.82071844,2.0,1.0,-1.0
11000000.0,19.058354100000003,72.8802798,2.0,1.0,-1.0
35000000.0,19.148061752319336,72.84230041503906,3.0,1.0,2.0
21600000.0,19.107617,72.898917,2.0,1.0,-1.0
8700000.0,19.2133903503418,72.9314193725586,2.0,1.0,0.0
18500000.0,19.227678298950195,72.84342193603516,2.0,-1.0,0.0
27000000.0,19.0248623135139,72.8665752942687,3.0,1.0,-1.0
37500000.0,19.006180342037,72.8286779623475,2.0,1.0,-1.0
16500000.0,19.202228,72.815271,2.0,1.0,-1.0
35000000.0,19.1077728874082,72.89723402507059,2.0,1.0,-1.0
18500000.0,19.0799983,72.8545019,2.0,1.0,0.0
47500000.0,19.019546508789062,72.8382568359375,3.0,1.0,0.0
14500000.0,19.17067,72.93618000000001,2.0,-1.0,1.0
25000000.0,19.07907,72.907976,2.0,1.0,-1.0
52500000.0,19.100385665893555,72.8504638671875,3.0,1.0,1.0
17500000.0,19.230558395385746,72.85283660888672,2.0,1.0,0.0
29000000.0,19.1746739,72.94310379999999,3.0,-1.0,0.0
25000000.0,19.117849349975582,72.91181182861328,2.0,1.0,2.0
47500000.0,18.9871633297704,72.82989199332809,3.0,1.0,-1.0
25000000.0,19.1054406,72.8411208,2.0,1.0,0.0
25500000.0,19.216866,72.86649054,3.0,1.0,-1.0
27500000.0,19.05634,72.91731999999999,2.0,1.0,-1.0
23000000.0,19.1480618,72.82560959999999,2.0,1.0,-1.0
11500000.0,19.1538107,72.9504858,2.0,1.0,0.0
15000000.0,19.206448,72.8233516980957,2.0,-1.0,0.0
6959999.0,19.278546,72.870655,3.0,1.0,-1.0
15500000.0,19.07906913757324,72.90797424316406,2.0,1.0,1.0
20000000.0,19.21381568908692,72.85486602783203,2.0,1.0,0.0
15000000.0,19.233531951904297,72.83919525146484,2.0,1.0,0.0
22000000.0,19.2420124,72.8559055,2.0,1.0,-1.0
17000000.0,19.0516535,72.8689942,2.0,1.0,1.0
31600000.0,19.1384391784668,72.81218719482422,2.0,1.0,0.0
16500000.0,19.0327987670898,72.896354675293,2.0,1.0,0.0
27500000.0,19.038438,72.84199090000001,2.0,1.0,1.0
15000000.0,19.169193267822266,72.86290740966797,3.0,1.0,0.0
7200000.0,19.2099437,72.83086920000001,2.0,1.0,0.0
13000000.0,19.149901,72.931134,2.0,1.0,0.0
13500000.0,19.15896,72.93373000000001,2.0,1.0,-1.0
4600000.0,19.21339,72.93141999999999,2.0,1.0,1.0
25000000.0,19.09080696105957,72.90766906738281,2.0,1.0,0.0
17500000.0,19.05128,72.89050999999999,2.0,1.0,2.0
27500000.0,19.051380157470703,72.86726379394531,2.0,1.0,2.0
19500000.0,19.119171142578125,72.86416625976562,2.0,1.0,2.0
18500000.0,19.057437,72.905785,2.0,-1.0,0.0
22500000.0,19.1746739,72.94310379999999,3.0,-1.0,1.0
13000000.0,19.0908063,72.90766690000001,2.0,1.0,0.0
9000000.0,19.30187227,72.87400382,3.0,1.0,-1.0
26000000.0,19.237241,72.84132779999999,2.0,1.0,-1.0
9000000.0,19.28217,72.87654,2.0,1.0,2.0
23900000.0,19.06464195251465,72.89200592041016,3.0,1.0,1.0
14000000.0,19.1711831,72.9350963,2.0,1.0,-1.0
14500000.0,19.256099,72.852924,2.0,1.0,0.0
9900000.0,19.21398162841797,72.85509490966797,3.0,1.0,1.0
20000000.0,19.1288105,72.84658759999999,2.0,1.0,-1.0
19000000.0,19.17298506,72.86975392,3.0,-1.0,0.0
16500000.0,19.151251663483897,72.9404746361464,2.0,1.0,-1.0
18000000.0,19.105027,72.886884,2.0,1.0,1.0
22500000.0,19.20771,72.86777,2.0,-1.0,0.0
25000000.0,19.0495063,72.888042,2.0,1.0,-1.0
17000000.0,19.158664,72.94725240000001,2.0,1.0,-1.0
12000000.0,19.255380630493164,72.85381317138672,2.0,1.0,1.0
25000000.0,19.05861,72.84431,2.0,-1.0,0.0
7800000.0,19.26231203,72.87409673,2.0,1.0,-1.0
11000000.0,19.221725463867188,72.83316802978516,2.0,1.0,0.0
40000000.0,19.0013826,72.84845279999999,2.0,1.0,-1.0
23500000.0,19.25231421,72.85078722,3.0,1.0,-1.0
19000000.0,19.1618709564209,72.83536529541016,2.0,1.0,0.0
13400000.0,19.10005168,72.88491275,2.0,-1.0,0.0
20300000.0,18.9249211,72.82972240000001,3.0,-1.0,0.0
10000000.0,19.2756329671536,72.87159637891241,2.0,1.0,-1.0
18000000.0,18.96991,72.82763,2.0,1.0,0.0
17500000.0,19.196454,72.87059351452841,2.0,1.0,-1.0
14900000.0,19.1657808,72.934534,2.0,-1.0,1.0
20000000.0,19.028609,72.8794,2.0,1.0,-1.0
29000000.0,19.046411,72.91576500000001,3.0,1.0,-1.0
7000000.0,19.29281178,72.86665518,2.0,1.0,-1.0
14400000.0,19.115683,72.90400600000001,2.0,1.0,-1.0
40000000.0,19.026734,72.85534100000001,3.0,1.0,2.0
16500000.0,19.1595755,72.9465747,2.0,-1.0,0.0
13500000.0,19.062289,72.9100105,2.0,1.0,-1.0
28000000.0,19.159008026123047,72.86927032470703,2.0,1.0,2.0
15000000.0,19.07906913757324,72.90797424316406,2.0,-1.0,0.0
22500000.0,19.17100978,72.87098943,2.0,1.0,-1.0
34000000.0,19.080942153930664,72.89234161376953,3.0,1.0,1.0
30000000.0,19.03975486755371,72.86038208007812,2.0,1.0,2.0
16500000.0,19.220612,72.864144,2.0,1.0,-1.0
14900000.0,19.16664,72.95915,2.0,1.0,-1.0
26000000.0,18.9774616,72.8293978,2.0,1.0,-1.0
16500000.0,19.1718027,72.9584312,2.0,1.0,-1.0
16500000.0,19.11730194091797,72.88404083251953,3.0,1.0,2.0
31500000.0,19.1328995,72.8318939,2.0,1.0,-1.0
19000000.0,19.1476838975787,72.9345592459361,2.0,1.0,-1.0
14500000.0,19.104650497436523,72.9317855834961,2.0,1.0,0.0
33000000.0,19.209567,72.86997099999999,3.0,1.0,-1.0
15000000.0,19.040233,72.8601801,2.0,1.0,2.0
13500000.0,19.21649932861328,72.8341293334961,3.0,1.0,2.0
32500000.0,18.9991177205932,72.8448386426703,2.0,1.0,-1.0
16500000.0,19.10265422,72.88645864,2.0,1.0,-1.0
13000000.0,19.1110345,72.9239095,2.0,-1.0,0.0
50000000.0,19.0166667,72.8166667,2.0,1.0,1.0
30000000.0,19.13555213,72.82129389,3.0,1.0,-1.0
25000000.0,19.19405855,72.836282,3.0,1.0,-1.0
17000000.0,19.133092,72.93475,2.0,-1.0,0.0
4500000.0,19.40532875061035,72.78827667236328,2.0,1.0,1.0
5500000.0,19.39953994750977,72.86042022705078,2.0,1.0,0.0
7000000.0,19.378591537475582,72.82752990722656,2.0,1.0,0.0
22000000.0,19.1590077,72.86927109999999,2.0,1.0,-1.0
11800000.0,19.14533,72.84138,2.0,1.0,-1.0
55000000.0,19.02669906616211,72.85302734375,3.0,1.0,1.0
20000000.0,19.09698958,72.88535274,2.0,-1.0,-1.0
16500000.0,19.16265,72.88384,3.0,1.0,2.0
11000000.0,19.18897247314453,72.82200622558594,2.0,1.0,2.0
29000000.0,19.128953,72.9298045,2.0,1.0,-1.0
24000000.0,19.22184,72.84352,3.0,1.0,0.0
12000000.0,19.202279,72.82840999999999,2.0,-1.0,2.0
22000000.0,19.191842,72.83458123,3.0,-1.0,0.0
22500000.0,19.17788452,72.87285698,3.0,1.0,-1.0
11500000.0,19.058354100000003,72.8802798,2.0,-1.0,0.0
15000000.0,19.170591,72.937278,2.0,-1.0,0.0
26500000.0,19.073390300000003,72.8654319,2.0,1.0,-1.0
17000000.0,19.21815,72.81591999999999,3.0,1.0,1.0
35000000.0,19.100385665893555,72.8504638671875,3.0,1.0,0.0
14500000.0,19.378591537475582,72.82752990722656,4.0,1.0,2.0
35000000.0,19.40499415,72.82349258,3.0,1.0,-1.0
33500000.0,19.123709,72.89286700000001,3.0,-1.0,1.0
12000000.0,19.18045,72.94293,2.0,1.0,-1.0
12500000.0,19.1296705,72.931658,2.0,-1.0,0.0
26000000.0,19.0995866,72.8848725,3.0,1.0,-1.0
19000000.0,19.1077728874082,72.89723402507059,2.0,1.0,-1.0
28000000.0,19.01751708984375,72.84711456298828,3.0,1.0,0.0
16000000.0,19.16918563842773,72.9357681274414,2.0,1.0,0.0
35000000.0,19.0327996,72.89635679999999,2.0,0.0,-1.0
9000000.0,19.28217,72.87654,2.0,1.0,-1.0
42600000.0,19.1086461,72.83470729999999,3.0,1.0,1.0
16000000.0,19.1889733,72.8220064,2.0,1.0,-1.0
21000000.0,19.1480618,72.82560959999999,2.0,1.0,-1.0
48500000.0,19.06525,72.82324,2.0,1.0,1.0
15000000.0,19.1242932,72.9212788,2.0,1.0,-1.0
19900000.0,19.21305274963379,72.81889343261719,3.0,-1.0,0.0
22000000.0,19.201963600000003,72.8578543,2.0,1.0,-1.0
12700000.0,19.1746739,72.94310379999999,2.0,1.0,1.0
32500000.0,19.129006,72.83744300000001,4.0,1.0,-1.0
17000000.0,19.08565,72.90822,2.0,1.0,0.0
19000000.0,19.1733748299616,72.8684461800584,2.0,1.0,-1.0
35000000.0,19.1633712605906,72.9410497959207,3.0,1.0,-1.0
24000000.0,19.21404838562012,72.85497283935547,4.0,1.0,1.0
14500000.0,19.04267,72.87111,2.0,1.0,1.0
26500000.0,19.070470809936523,72.84949493408203,2.0,-1.0,0.0
38300000.0,19.1629924,72.83930190000001,3.0,-1.0,0.0
18800000.0,19.17788452,72.87285698,2.0,1.0,-1.0
20800000.0,19.12998,72.933221,2.0,1.0,-1.0
20000000.0,19.177220805592,72.8705878488227,2.0,1.0,-1.0
19500000.0,19.25393295288086,72.86724853515625,3.0,-1.0,0.0
23000000.0,19.12842,72.81988,2.0,1.0,0.0
22000000.0,19.1595755,72.9465747,2.0,1.0,-1.0
20000000.0,19.1489315032959,72.84001922607422,2.0,1.0,2.0
35000000.0,18.9794658,72.82926309999999,2.0,1.0,-1.0
55300000.0,19.1210474171554,72.9175910576415,3.0,1.0,-1.0
32500000.0,19.191842,72.83458123,4.0,-1.0,0.0
29500000.0,19.214155,72.872227,3.0,-1.0,1.0
47000000.0,18.914451599121094,72.82052612304688,2.0,1.0,0.0
16000000.0,19.0899142203998,72.916868452269,2.0,1.0,-1.0
26000000.0,19.16257,72.938078,4.0,1.0,-1.0
23500000.0,19.13792563,72.82182797,2.0,1.0,-1.0
32500000.0,19.157350540161133,72.95073699951172,3.0,1.0,1.0
18000000.0,19.259706,72.86356629999999,2.0,1.0,-1.0
46000000.0,18.9963055,72.8253969,2.0,1.0,-1.0
19000000.0,19.1183192,72.8378676,2.0,1.0,-1.0
16500000.0,19.115297,72.839762,2.0,1.0,-1.0
16500000.0,19.11913108825684,72.86412048339844,2.0,1.0,0.0
20000000.0,19.079998016357425,72.85449981689453,2.0,-1.0,0.0
19000000.0,19.032798767089844,72.89635467529297,2.0,1.0,1.0
33000000.0,19.13832,72.81002,2.0,1.0,-1.0
7200000.0,19.21404838562012,72.85525512695312,2.0,1.0,2.0
21500000.0,19.14724,72.84012,2.0,1.0,1.0
20000000.0,19.1741063832625,72.87221706723409,2.0,1.0,-1.0
15500000.0,19.2050017,72.86927109999999,3.0,1.0,1.0
16000000.0,19.25006,72.84921,2.0,-1.0,1.0
15000000.0,19.18474407452468,72.83814964341965,2.0,1.0,2.0
19500000.0,19.16882705688477,72.93821716308594,2.0,1.0,2.0
40000000.0,19.11918830871582,72.8646240234375,2.0,1.0,1.0
14300000.0,19.166696,72.937422,2.0,1.0,-1.0
29000000.0,19.1345125,72.86339834,3.0,1.0,-1.0
25000000.0,19.04720115661621,72.87222290039062,2.0,1.0,0.0
22000000.0,19.11559447,72.90996700000001,2.0,1.0,-1.0
33000000.0,19.2248756,72.86314300000001,3.0,-1.0,0.0
15200000.0,19.180237,72.85541490000001,2.0,1.0,1.0
22900000.0,19.147269,72.848351,3.0,-1.0,0.0
36500000.0,19.07907,72.907976,3.0,1.0,0.0
50000000.0,18.9918227986647,72.841247747115,2.0,1.0,-1.0
22000000.0,19.1055278,72.897757,2.0,1.0,-1.0
18500000.0,19.07907,72.907976,2.0,1.0,1.0
49500000.0,19.096529,72.851435,3.0,1.0,-1.0
9500000.0,19.209943771362305,72.83087158203125,2.0,1.0,2.0
24000000.0,19.137866,72.83564770000001,2.0,1.0,-1.0
15900000.0,19.149900436401367,72.93113708496094,2.0,1.0,1.0
13000000.0,19.1499462,72.9422345,2.0,1.0,-1.0
13500000.0,19.233531951904297,72.83919525146484,3.0,1.0,0.0
19500000.0,19.1297376,72.8291555,2.0,1.0,2.0
29500000.0,19.0815087,72.8376755,2.0,1.0,-1.0
17500000.0,19.1224809,72.8454287,2.0,1.0,-1.0
30000000.0,19.0327996,72.89635679999999,2.0,1.0,-1.0
15000000.0,19.0327996,72.89635679999999,2.0,1.0,1.0
15000000.0,19.242420196533203,72.84773254394531,2.0,1.0,1.0
13000000.0,19.2273315,72.8637286,2.0,1.0,0.0
10000000.0,19.3047794,72.8604097,2.0,1.0,-1.0
15800000.0,19.119367599487305,72.86443328857422,2.0,1.0,1.0
24000000.0,19.2038262,72.86918990000001,2.0,-1.0,0.0
7300000.0,19.282169342041016,72.87654113769531,2.0,1.0,0.0
4500000.0,19.205707550048828,72.8320541381836,2.0,1.0,1.0
15000000.0,19.209943771362305,72.83087158203125,2.0,1.0,2.0
42500000.0,19.028728485107425,72.84416198730469,4.0,1.0,2.0
23500000.0,19.1629924,72.83930190000001,3.0,-1.0,0.0
13600000.0,19.210253,72.836714,2.0,-1.0,0.0
17000000.0,19.1384391784668,72.81218719482422,2.0,1.0,1.0
24500000.0,19.1743133403834,72.838189899349,3.0,1.0,-1.0
30000000.0,19.1982149,72.8447853,3.0,1.0,-1.0
17500000.0,19.217309263073,72.8705672146112,2.0,1.0,-1.0
15100000.0,19.19038,72.83293,2.0,-1.0,0.0
26000000.0,19.046912,72.90759,2.0,-1.0,0.0
7100000.0,19.153299,72.88662099999999,2.0,1.0,-1.0
16000000.0,19.062699,72.892612,3.0,1.0,-1.0
23000000.0,19.119178771972656,72.86463928222656,2.0,1.0,1.0
22600000.0,19.191842,72.83458123,3.0,-1.0,0.0
13200000.0,19.213054,72.81889100000001,2.0,-1.0,0.0
17100000.0,19.152833,72.93755,2.0,-1.0,0.0
15300000.0,19.068051,72.89605,2.0,-1.0,0.0
16000000.0,19.1981206009705,72.8781756998955,3.0,1.0,-1.0
23000000.0,19.2056827545166,72.83207702636719,3.0,1.0,0.0
38500000.0,19.0815087,72.8376755,2.0,1.0,-1.0
48000000.0,19.0051754,72.8498377,3.0,1.0,-1.0
20500000.0,19.10919095,72.88469140000001,2.0,1.0,-1.0
20000000.0,19.0495063,72.888042,2.0,1.0,-1.0
31900000.0,19.174673080444336,72.94310760498047,3.0,-1.0,0.0
18000000.0,19.057437,72.905785,2.0,-1.0,0.0
32500000.0,19.13855469,72.82562324,3.0,1.0,-1.0
22500000.0,19.191842,72.83458123,2.0,-1.0,0.0
20000000.0,19.147872924804688,72.84236907958984,2.0,1.0,2.0
44400000.0,19.059112,72.907012,4.0,-1.0,0.0
23500000.0,19.21458019,72.87133267,2.0,1.0,-1.0
17500000.0,19.18234166666669,72.85609000000001,2.0,1.0,-1.0
15200000.0,19.058647,72.879248,2.0,1.0,-1.0
22500000.0,19.233531951904297,72.83919525146484,3.0,1.0,1.0
17000000.0,19.21769,72.85308,2.0,1.0,1.0
51500000.0,19.13844,72.812187,3.0,1.0,-1.0
20000000.0,19.168995,72.953882,2.0,1.0,-1.0
38000000.0,19.0158306,72.82939209999999,2.0,1.0,0.0
16500000.0,19.2099437,72.83086920000001,2.0,1.0,1.0
13799999.0,19.259015,72.854824,2.0,-1.0,0.0
17500000.0,19.11623764038086,72.88607025146484,2.0,1.0,1.0
28000000.0,19.20792579650879,72.84199523925781,3.0,1.0,1.0
14000000.0,19.29274666666669,72.8713433333333,3.0,1.0,-1.0
15000000.0,19.20157681,72.82419475,2.0,1.0,-1.0
29000000.0,19.210841,72.8755987441594,3.0,1.0,-1.0
50000000.0,19.0290111,72.8451757,3.0,1.0,2.0
25000000.0,18.992520000000003,72.84716,2.0,1.0,2.0
46300000.0,19.1714,72.940339,3.0,-1.0,1.0
29700000.0,19.015415,72.86014899999999,3.0,1.0,-1.0
18000000.0,19.195988,72.868512,2.0,-1.0,0.0
13500000.0,19.146211624145508,72.8534927368164,2.0,1.0,1.0
3500000.0,19.28998,72.79180799999999,2.0,1.0,0.0
12500000.0,19.2783121,72.8580188,3.0,1.0,-1.0
8500000.0,19.2139892578125,72.85503387451172,2.0,1.0,0.0
46500000.0,19.006180342037,72.8286779623475,3.0,1.0,-1.0
21500000.0,19.10456085205078,72.84928894042969,2.0,1.0,0.0
5700000.0,19.3674262994951,72.820708,2.0,1.0,-1.0
17800000.0,19.046604,72.90821600000001,2.0,-1.0,0.0
20500000.0,19.2245918099837,72.8470606183299,2.0,1.0,-1.0
25000000.0,19.06660842895508,72.85191345214844,2.0,1.0,1.0
44900000.0,19.140335,72.86436198,3.0,1.0,-1.0
31000000.0,19.1417103470197,72.8419157226747,4.0,1.0,-1.0
14000000.0,19.29274666666669,72.8713433333333,3.0,1.0,-1.0
12400000.0,19.16703502,72.88127374,2.0,1.0,-1.0
13000000.0,19.207013957875898,72.87943298291121,2.0,1.0,-1.0
6300000.0,19.1550273,72.8850879,2.0,1.0,-1.0
33000000.0,19.039152145385746,72.84046936035156,2.0,1.0,0.0
23500000.0,19.07047,72.84949329999999,2.0,1.0,0.0
15000000.0,19.1889733,72.8220064,2.0,1.0,1.0
14000000.0,19.217369079589844,72.83026123046875,2.0,1.0,1.0
18000000.0,19.175361,72.839107,2.0,1.0,-1.0
6500000.0,19.218149185180664,72.81591796875,2.0,1.0,0.0
17000000.0,19.2523379,72.849549,2.0,-1.0,0.0
15000000.0,19.15578269958496,72.88719940185547,3.0,1.0,0.0
27500000.0,19.144893600000003,72.8368073,3.0,1.0,-1.0
20000000.0,19.0128091,72.851598,2.0,-1.0,0.0
45000000.0,19.1182727,72.8572813,3.0,1.0,-1.0
4500000.0,19.21393394470215,72.85517883300781,2.0,1.0,0.0
18500000.0,19.1281401,72.83889040000001,2.0,1.0,-1.0
32000000.0,19.0908063,72.90766690000001,2.0,1.0,1.0
17000000.0,19.165218353271484,72.93827056884766,2.0,1.0,1.0
14500000.0,19.209943771362305,72.83087158203125,2.0,1.0,1.0
22100000.0,19.220760345458984,72.85809326171875,2.0,-1.0,0.0
21500000.0,19.123334884643555,72.87158203125,2.0,1.0,1.0
22500000.0,19.1610214,72.9297512,2.0,1.0,-1.0
16800000.0,19.198230743408203,72.85767364501953,2.0,1.0,2.0
18400000.0,19.1590077,72.86927109999999,2.0,-1.0,0.0
20700000.0,19.1549192106419,72.84356576222049,2.0,-1.0,1.0
14500000.0,19.12021420298,72.9299633704782,2.0,1.0,-1.0
15100000.0,19.124348,72.89049200000001,2.0,1.0,-1.0
22500000.0,19.1595755,72.9465747,2.0,1.0,-1.0
11900000.0,19.202279,72.82840999999999,2.0,-1.0,2.0
25000000.0,19.0227398,72.86865379999999,2.0,1.0,-1.0
17700000.0,19.12431957,72.84605428,2.0,1.0,-1.0
18000000.0,19.122307,72.89599270000001,2.0,1.0,-1.0
13200000.0,19.136807,72.930675,2.0,1.0,-1.0
22500000.0,18.9967988,72.8451287,2.0,1.0,-1.0
25000000.0,19.18023681640625,72.85541534423828,3.0,1.0,1.0
13600000.0,19.1746739,72.94310379999999,2.0,-1.0,0.0
17200000.0,19.1181,72.89485,2.0,1.0,2.0
11000000.0,19.1619007,72.9444337,2.0,1.0,-1.0
18500000.0,19.141983,72.9309595,2.0,1.0,-1.0
22000000.0,19.115297,72.839762,2.0,1.0,-1.0
27500000.0,19.11632,72.859021,2.0,1.0,-1.0
34000000.0,19.1547839,72.8540607,4.0,1.0,-1.0
30000000.0,19.07658768,72.86424255,3.0,1.0,0.0
14500000.0,19.177220805592,72.8705878488227,2.0,1.0,-1.0
29900000.0,19.02222,72.866564,3.0,1.0,-1.0
21000000.0,19.155994,72.847275,3.0,1.0,-1.0
37500000.0,19.08870315551757,72.89613342285156,2.0,1.0,0.0
28900000.0,19.136807,72.930675,3.0,-1.0,1.0
27800000.0,19.171175,72.94032800000001,3.0,-1.0,0.0
26000000.0,19.07732391357422,72.90800476074219,2.0,1.0,2.0
40000000.0,19.0008985876886,72.8389541842401,3.0,1.0,-1.0
7500000.0,19.380144,72.815658,2.0,1.0,-1.0
13899999.0,19.0908063,72.90766690000001,2.0,1.0,1.0
27000000.0,19.079998016357425,72.85449981689453,3.0,1.0,2.0
19000000.0,19.176718,72.944581,2.0,1.0,-1.0
39500000.0,19.108097076416016,72.83226013183594,2.0,1.0,2.0
13100000.0,19.29274666666669,72.8713433333333,3.0,1.0,-1.0
28500000.0,19.177581,72.94503,2.0,1.0,-1.0
47500000.0,18.97607,72.82728,2.0,1.0,2.0
27500000.0,19.028077,72.879665,3.0,1.0,-1.0
10200000.0,19.180237,72.85541490000001,2.0,1.0,-1.0
12500000.0,19.2783121,72.8580188,2.0,1.0,-1.0
13500000.0,19.1296705,72.931658,2.0,-1.0,0.0
19000000.0,19.181124,72.839798,2.0,1.0,-1.0
9100000.0,19.1119,72.89604,2.0,1.0,0.0
23500000.0,19.100385,72.850466,2.0,1.0,-1.0
17500000.0,19.111397,72.90142800000001,2.0,-1.0,0.0
55000000.0,19.07072639465332,72.83612823486328,3.0,1.0,2.0
36000000.0,18.982164,72.827559,2.0,-1.0,1.0
12000000.0,19.159226,72.932291,2.0,1.0,-1.0
18500000.0,19.1378673,72.8361027,2.0,1.0,-1.0
16000000.0,19.1629924,72.83930190000001,2.0,1.0,1.0
11100000.0,19.205378,72.824021,2.0,-1.0,0.0
19000000.0,19.032798767089844,72.89635467529297,2.0,1.0,0.0
17500000.0,19.1184266,72.8958535,2.0,-1.0,0.0
19500000.0,19.10919095,72.88469140000001,2.0,1.0,-1.0
35000000.0,19.022622,72.858387,2.0,-1.0,0.0
22500000.0,19.1297768,72.8330161,2.0,1.0,-1.0
12700000.0,19.1746388,72.8511155,2.0,1.0,-1.0
26000000.0,19.14724,72.84012,2.0,1.0,2.0
35500000.0,19.0266983,72.85302490000001,2.0,1.0,2.0
30000000.0,19.2273315,72.8637286,3.0,1.0,-1.0
51800000.0,19.05749,72.850961,3.0,-1.0,0.0
31000000.0,19.0937492,72.922604,2.0,1.0,-1.0
15500000.0,19.1590077,72.86927109999999,2.0,-1.0,0.0
4000000.0,19.16009,72.92453,2.0,1.0,0.0
24500000.0,19.11888885498047,72.86404418945312,2.0,1.0,2.0
32500000.0,19.0013826,72.84845279999999,2.0,1.0,-1.0
36500000.0,19.196418,72.80659399999999,3.0,1.0,0.0
27000000.0,19.18023681640625,72.85541534423828,3.0,1.0,1.0
25000000.0,19.19038,72.83293,3.0,1.0,0.0
16800000.0,19.195988,72.868512,2.0,-1.0,0.0
31700000.0,19.0472012,72.8722249,3.0,-1.0,1.0
27500000.0,19.2273315,72.8637286,3.0,1.0,2.0
27000000.0,19.2099947,72.86675079999999,2.0,1.0,1.0
43000000.0,19.09882164001465,72.83206939697266,3.0,1.0,0.0
20000000.0,19.1852372,72.9487585,2.0,1.0,0.0
25000000.0,19.1913396666603,72.862262257539,3.0,1.0,-1.0
30000000.0,19.08150863647461,72.83767700195312,2.0,1.0,1.0
12500000.0,19.175295,72.95611600000001,2.0,-1.0,0.0
29900000.0,19.083911847835505,72.91009933408759,2.0,1.0,-1.0
10800000.0,19.1913841,72.94542729999999,2.0,1.0,-1.0
14500000.0,19.200165,72.868551,2.0,1.0,-1.0
16700000.0,19.119677300000003,72.9050809,2.0,-1.0,1.0
14500000.0,19.191485,72.83739,2.0,-1.0,0.0
55000000.0,19.110319,72.84085400000001,3.0,1.0,-1.0
27000000.0,19.053946,72.885286,3.0,1.0,-1.0
32000000.0,19.07907,72.907976,3.0,1.0,2.0
22600000.0,19.114625,72.88469599999999,3.0,1.0,-1.0
9800000.0,19.2782666666667,72.8653383333333,2.0,1.0,-1.0
17500000.0,19.09080696105957,72.90766906738281,2.0,1.0,1.0
18800000.0,19.1192445,72.8996312,2.0,1.0,-1.0
46500000.0,19.009217,72.853023,4.0,1.0,-1.0
30000000.0,19.029439,72.87925899999999,2.0,1.0,-1.0
16500000.0,19.173613,72.872352,2.0,-1.0,0.0
34200000.0,19.0531452,72.902321,3.0,1.0,-1.0
12500000.0,19.16885566711425,72.87786102294922,2.0,1.0,1.0
15300000.0,19.063472879806,72.8813292791734,2.0,1.0,-1.0
18000000.0,19.1746739,72.94310379999999,2.0,1.0,-1.0
12400000.0,19.21392059326172,72.85504150390625,3.0,1.0,0.0
27500000.0,19.0480326,72.9146963,2.0,1.0,-1.0
15500000.0,19.201016,72.825331,2.0,1.0,-1.0
32500000.0,19.2248756,72.86314300000001,3.0,-1.0,0.0
36000000.0,19.0013826,72.84845279999999,2.0,1.0,-1.0
45000000.0,19.05968,72.83422,3.0,1.0,-1.0
22700000.0,19.114625930786133,72.88469696044922,2.0,1.0,2.0
27900000.0,19.2050017,72.86927109999999,3.0,-1.0,0.0
25900000.0,19.119190216064453,72.86400604248047,2.0,1.0,2.0
18500000.0,19.11928367614746,72.86461639404297,2.0,1.0,0.0
20000000.0,19.2335321,72.839198,2.0,1.0,1.0
21000000.0,19.0732695,72.8627475,2.0,1.0,-1.0
14000000.0,19.21104,72.869411,2.0,-1.0,0.0
16500000.0,19.087609,72.89471800000001,2.0,1.0,-1.0
25500000.0,19.092819213867188,72.91316223144531,2.0,1.0,0.0
21000000.0,19.1373633,72.8318507,2.0,1.0,0.0
13000000.0,19.209943771362305,72.83087158203125,2.0,1.0,1.0
27000000.0,19.184664,72.836473,2.0,1.0,-1.0
14400000.0,19.1859,72.84037,2.0,-1.0,0.0
6850000.0,19.21393394470215,72.85504150390625,2.0,1.0,2.0
14500000.0,19.1538862,72.8341385,2.0,1.0,-1.0
45000000.0,19.119421005249023,72.86370849609375,3.0,1.0,1.0
13500000.0,19.177555,72.849887,2.0,-1.0,0.0
25000000.0,19.1040673,72.91767840000001,3.0,1.0,-1.0
25000000.0,19.0627565,72.8545019,2.0,1.0,0.0
21000000.0,19.0810128,72.8500709,2.0,1.0,-1.0
12500000.0,19.16885607,72.87786054,2.0,1.0,-1.0
7000000.0,19.28217,72.87654,2.0,1.0,0.0
14500000.0,19.169822692871094,72.93598175048828,2.0,1.0,1.0
8300000.0,19.21339,72.93141999999999,2.0,1.0,1.0
12600000.0,19.264989,72.873387,2.0,1.0,-1.0
14600000.0,19.24198,72.83565,2.0,-1.0,0.0
22400000.0,19.0327996,72.89635679999999,2.0,0.0,-1.0
22000000.0,19.097765,72.916827,2.0,1.0,-1.0
17300000.0,19.2142355,72.87615140000001,2.0,1.0,-1.0
25000000.0,19.119279861450195,72.8646011352539,2.0,1.0,2.0
27000000.0,19.114019,72.850025,2.0,1.0,-1.0
17000000.0,19.13844,72.812187,2.0,1.0,-1.0
22500000.0,19.114625,72.88469599999999,2.0,1.0,-1.0
32500000.0,19.174673080444336,72.94310760498047,3.0,1.0,2.0
16900000.0,19.20393269,72.82766012,3.0,1.0,-1.0
17000000.0,19.2142355,72.87615140000001,2.0,1.0,-1.0
18600000.0,19.220761,72.85809499999999,2.0,-1.0,0.0
15000000.0,19.2149599,72.81775490000001,2.0,1.0,-1.0
40000000.0,18.9991177205932,72.8448386426703,3.0,1.0,-1.0
18000000.0,19.1443579,72.9333522,2.0,1.0,-1.0
5250000.0,19.404549,72.82772800000001,2.0,1.0,-1.0
35000000.0,19.129737854003903,72.82915496826172,3.0,1.0,1.0
18000000.0,19.1154908,72.87269520000001,2.0,1.0,1.0
27500000.0,19.1771773695655,72.9600928443916,3.0,1.0,-1.0
32500000.0,19.1652117,72.84252912,3.0,1.0,-1.0
18500000.0,19.122307,72.89599270000001,2.0,1.0,-1.0
12500000.0,19.149900436401367,72.93113708496094,2.0,1.0,1.0
4500000.0,19.4053281,72.7882785,2.0,1.0,2.0
17500000.0,19.043911,72.89877800000001,2.0,-1.0,0.0
26000000.0,19.226960100000003,72.8537703,3.0,1.0,-1.0
41000000.0,19.142096,72.826173,3.0,1.0,-1.0
10600000.0,19.136906,72.930603,2.0,-1.0,1.0
13000000.0,19.152517,72.94255,2.0,1.0,-1.0
21000000.0,19.119677300000003,72.9050809,3.0,1.0,-1.0
19000000.0,19.2035935,72.8280028,2.0,1.0,-1.0
17500000.0,19.2469848,72.8653815,2.0,1.0,-1.0
25300000.0,19.181124,72.839798,3.0,1.0,-1.0
16500000.0,19.13675117492676,72.8697738647461,2.0,1.0,2.0
30000000.0,19.032798767089844,72.89635467529297,3.0,-1.0,0.0
15000000.0,19.2114023225106,72.86572890631679,2.0,1.0,-1.0
22000000.0,19.1590077,72.86927109999999,2.0,1.0,-1.0
20000000.0,19.1227970123291,72.82485961914062,2.0,1.0,2.0
55500000.0,19.0787080118698,72.8402855073601,3.0,-1.0,1.0
24000000.0,19.1296705,72.931658,4.0,1.0,-1.0
14200000.0,19.2977396,72.87049559999998,2.0,1.0,-1.0
7000000.0,19.282133102416992,72.86373138427734,2.0,1.0,1.0
28800000.0,19.1137131,72.86100970000001,2.0,-1.0,0.0
8500000.0,19.28217,72.87654,2.0,1.0,0.0
19500000.0,19.10859,72.83335,2.0,1.0,1.0
21000000.0,19.1223203294664,72.8916711676285,3.0,1.0,-1.0
18000000.0,19.27831268310547,72.85801696777344,2.0,1.0,2.0
14900000.0,19.11888313293457,72.86392974853516,2.0,1.0,0.0
30000000.0,19.13894569,72.82940015,2.0,1.0,-1.0
27500000.0,19.134302,72.8262572,2.0,1.0,-1.0
20200000.0,19.13662,72.93666999999999,2.0,1.0,0.0
20500000.0,19.099437,72.84241899999999,2.0,1.0,-1.0
7000000.0,19.2941004,72.87088390000001,2.0,-1.0,1.0
27500000.0,19.023906707763672,72.86747741699219,3.0,1.0,1.0
16000000.0,19.258105,72.8519218,2.0,1.0,-1.0
26000000.0,19.11632,72.859021,2.0,1.0,-1.0
28000000.0,19.1834039622512,72.9426250028299,3.0,1.0,-1.0
13000000.0,19.148058,72.937725,2.0,-1.0,0.0
22500000.0,19.034408300000003,72.889042,2.0,-1.0,1.0
24500000.0,19.1227979,72.82485940000001,2.0,-1.0,1.0
36300000.0,19.11197019,72.86248825,3.0,1.0,-1.0
33900000.0,18.995232,72.847578,2.0,1.0,1.0
17000000.0,19.1687237,72.86764740000001,2.0,1.0,-1.0
19700000.0,19.151111,72.849253,2.0,1.0,-1.0
27500000.0,19.1184266,72.8958535,3.0,-1.0,0.0
26000000.0,19.119251251220703,72.86458587646484,2.0,1.0,2.0
24500000.0,19.099262,72.918103,2.0,1.0,-1.0
11700000.0,19.210253,72.836714,2.0,-1.0,0.0
15300000.0,19.1373633,72.8318507,2.0,1.0,2.0
17000000.0,19.206448,72.8233516980957,2.0,1.0,-1.0
12000000.0,19.180237,72.85541490000001,2.0,1.0,-1.0
50000000.0,19.03953742980957,72.89562225341797,3.0,1.0,0.0
34500000.0,19.072062439164696,72.89579820902141,3.0,1.0,-1.0
14500000.0,19.119184494018555,72.86463165283203,2.0,1.0,1.0
25000000.0,19.116300944375464,72.83220084466467,2.0,1.0,-1.0
26500000.0,19.043911,72.89877800000001,2.0,1.0,1.0
17000000.0,19.0561802,72.9080628,2.0,-1.0,0.0
41500000.0,19.01666641235352,72.81666564941406,2.0,1.0,0.0
35000000.0,19.04094,72.86528100000001,2.0,-1.0,0.0
9400000.0,19.28217,72.87654,2.0,1.0,1.0
14200000.0,19.213054,72.81889100000001,2.0,-1.0,0.0
21000000.0,19.0327996,72.89635679999999,2.0,1.0,2.0
21500000.0,19.10919095,72.88469140000001,2.0,1.0,-1.0
13000000.0,19.255381,72.85381600000001,2.0,-1.0,0.0
29200000.0,19.053946,72.885286,3.0,-1.0,1.0
18000000.0,19.1889733,72.8220064,2.0,1.0,-1.0
17000000.0,19.03367042541504,72.8572998046875,2.0,1.0,2.0
13500000.0,19.118578,72.93806,2.0,1.0,-1.0
32000000.0,18.96225,72.81338000000001,2.0,1.0,2.0
37000000.0,19.0198623047892,72.8320821964833,2.0,1.0,-1.0
7500000.0,19.2783121,72.8580188,2.0,1.0,0.0
32500000.0,18.963298,72.843294,3.0,1.0,0.0
18500000.0,19.098074,72.91985,2.0,1.0,-1.0
21000000.0,19.09846862,72.88613072,3.0,1.0,-1.0
55000000.0,19.0815087,72.8376755,3.0,-1.0,1.0
17800000.0,19.12998,72.933221,2.0,1.0,-1.0
13000000.0,19.060800552368164,72.87981414794922,2.0,1.0,1.0
17000000.0,19.2335321,72.839198,2.0,1.0,-1.0
45500000.0,19.04094,72.86528100000001,4.0,-1.0,0.0
20000000.0,19.194356,72.83081899999999,2.0,1.0,-1.0
35000000.0,19.194356,72.83081899999999,3.0,1.0,-1.0
20000000.0,19.1142547770137,72.90212,2.0,1.0,-1.0
17000000.0,19.16885607,72.87786054,2.0,1.0,-1.0
28000000.0,18.9953333,72.8300383,2.0,-1.0,0.0
19000000.0,19.214054107666016,72.8552017211914,2.0,1.0,1.0
47500000.0,19.12972640991211,72.82823944091797,3.0,1.0,0.0
18700000.0,19.155756,72.846862,2.0,1.0,-1.0
18000000.0,19.08147,72.86251,2.0,1.0,0.0
23000000.0,19.0799983,72.8545019,2.0,1.0,0.0
6000000.0,19.404825,72.8277573,2.0,1.0,-1.0
50500000.0,18.998096278561693,72.84285746137698,3.0,1.0,-1.0
13500000.0,18.94813,72.82735,2.0,1.0,1.0
22500000.0,19.11721627,72.89304604,2.0,1.0,-1.0
23400000.0,19.02935005594641,72.88030444699154,3.0,-1.0,1.0
49900000.0,19.057928,72.900514,4.0,1.0,-1.0
21600000.0,19.0799983,72.8545019,2.0,1.0,2.0
29900000.0,19.119348526000977,72.86434173583984,2.0,1.0,1.0
16500000.0,19.13703155517578,72.93144989013672,2.0,1.0,0.0
18700000.0,19.16668,72.94845,2.0,-1.0,0.0
14500000.0,19.20678417,72.81912281,2.0,1.0,-1.0
16000000.0,19.158048040920104,72.9369262709775,2.0,1.0,-1.0
55000000.0,19.12809637,72.81965429,2.0,1.0,-1.0
20000000.0,19.090567,72.834885,2.0,1.0,-1.0
18500000.0,19.1595755,72.9465747,2.0,1.0,-1.0
14000000.0,19.1391659,72.7915215,2.0,1.0,-1.0
24000000.0,19.17100978,72.87098943,2.0,1.0,-1.0
34000000.0,19.1595755,72.9465747,3.0,-1.0,0.0
15000000.0,19.11940574645996,72.86394500732422,2.0,1.0,2.0
12600000.0,19.207601,72.879171,3.0,-1.0,0.0
16500000.0,19.1086461,72.83470729999999,2.0,1.0,2.0
35000000.0,19.07072639465332,72.83612823486328,2.0,1.0,0.0
22200000.0,19.213977813720703,72.85509490966797,2.0,1.0,2.0
41500000.0,19.0287285,72.8441629,3.0,1.0,1.0
23000000.0,19.126493109835103,72.8293271354831,2.0,1.0,-1.0
27500000.0,19.05624,72.88755,2.0,1.0,1.0
15000000.0,19.210841,72.8755987441594,2.0,1.0,-1.0
24000000.0,19.097765,72.916827,2.0,1.0,-1.0
42500000.0,19.105440139770508,72.84111785888672,3.0,1.0,2.0
16200000.0,19.2050017,72.86927109999999,2.0,1.0,-1.0
31500000.0,19.2052078,72.8633728,3.0,-1.0,0.0
20000000.0,19.149901,72.931134,2.0,1.0,0.0
21000000.0,19.138885498046875,72.82374572753906,2.0,1.0,1.0
24400000.0,19.1746739,72.94310379999999,3.0,-1.0,0.0
14500000.0,19.2110349093203,72.8623646039943,2.0,1.0,-1.0
32000000.0,19.0880895,72.8370599,3.0,1.0,-1.0
34000000.0,19.11366241,72.84480702,3.0,1.0,-1.0
19000000.0,19.103515625,72.84521484375,2.0,1.0,2.0
7700000.0,19.3093926,72.8485939,2.0,1.0,2.0
12500000.0,19.11918830871582,72.8641586303711,2.0,1.0,1.0
15000000.0,19.187396,72.9399822,2.0,1.0,-1.0
35000000.0,19.07072639465332,72.83612823486328,3.0,1.0,0.0
21100000.0,19.11911392211914,72.86406707763672,2.0,1.0,0.0
31700000.0,19.0856,72.909277,3.0,0.0,-1.0
9000000.0,19.26522136,72.8743219,2.0,1.0,-1.0
18000000.0,19.096202,72.919057,2.0,1.0,-1.0
25000000.0,19.1596950179688,72.9358988107455,4.0,1.0,-1.0
12600000.0,19.043911,72.89877800000001,2.0,-1.0,0.0
35000000.0,19.18897247314453,72.82200622558594,2.0,1.0,2.0
12500000.0,19.07537651062012,72.86631774902344,2.0,1.0,0.0
27200000.0,19.015415,72.86014899999999,3.0,1.0,-1.0
55000000.0,19.055229,72.83082900000001,3.0,1.0,-1.0
21500000.0,19.1173012,72.8840395,2.0,1.0,1.0
12000000.0,19.058354100000003,72.8802798,2.0,1.0,-1.0
38000000.0,19.006180342037,72.8286779623475,2.0,1.0,-1.0
24900000.0,19.1227970123291,72.82485961914062,2.0,1.0,2.0
53000000.0,19.019546508789062,72.8382568359375,3.0,1.0,1.0
13500000.0,19.15896,72.93373000000001,2.0,1.0,-1.0
20500000.0,19.126587,72.833474,2.0,1.0,-1.0
30000000.0,19.10072562862488,72.85056592394254,2.0,1.0,0.0
8230000.0,19.26231203,72.87409673,2.0,1.0,-1.0
25000000.0,19.191119,72.83116,3.0,1.0,-1.0
33500000.0,19.12419,72.83021,3.0,-1.0,1.0
19500000.0,19.11892318725586,72.86404418945312,2.0,1.0,1.0
8150000.0,19.26231203,72.87409673,2.0,-1.0,1.0
21000000.0,19.1702367,72.95594240000001,2.0,1.0,-1.0
11500000.0,19.068051,72.89605,2.0,1.0,-1.0
15500000.0,19.202228,72.815271,2.0,1.0,-1.0
27000000.0,19.005105,72.845869,3.0,1.0,1.0
19000000.0,19.2539332,72.8672448,3.0,1.0,0.0
38000000.0,19.100385,72.850466,2.0,1.0,-1.0
10500000.0,19.089120864868164,72.88994598388672,2.0,1.0,1.0
24000000.0,19.121311,72.83954200000001,2.0,1.0,-1.0
17500000.0,19.1746739,72.94310379999999,2.0,1.0,0.0
40000000.0,19.247234344482425,72.85005187988281,4.0,1.0,1.0
41000000.0,19.0937492,72.922604,3.0,1.0,-1.0
26000000.0,19.072772,72.86340600000001,2.0,1.0,-1.0
18000000.0,19.214033,72.8627501,2.0,1.0,-1.0
25500000.0,19.107616424560547,72.89891815185547,2.0,1.0,0.0
11800000.0,19.208398000000003,72.879044,2.0,1.0,-1.0
24000000.0,19.0227395,72.8653824,2.0,1.0,-1.0
25500000.0,19.141978,72.812312,2.0,-1.0,0.0
13799999.0,19.133092,72.93475,2.0,1.0,-1.0
18500000.0,19.2050017,72.86927109999999,2.0,1.0,1.0
29600000.0,19.21104,72.869411,2.0,-1.0,0.0
21200000.0,19.1709035,72.8510933,2.0,1.0,1.0
18500000.0,19.309392300000003,72.84912270000001,3.0,1.0,-1.0
15500000.0,19.1154899597168,72.87269592285156,2.0,1.0,2.0
19500000.0,19.0646382,72.8958265,2.0,1.0,-1.0
31000000.0,19.1795597076416,72.86117553710938,3.0,1.0,1.0
14500000.0,19.0899142203998,72.916868452269,2.0,1.0,-1.0
29000000.0,19.202068328857425,72.847900390625,2.0,1.0,0.0
14200000.0,19.16664,72.835254,2.0,1.0,-1.0
24000000.0,19.1547839,72.8540607,2.0,1.0,-1.0
4300000.0,19.3602150985917,72.847646,2.0,1.0,-1.0
18500000.0,19.02935005594641,72.88030444699154,2.0,1.0,-1.0
22500000.0,19.043911,72.89877800000001,2.0,-1.0,1.0
36000000.0,19.0175169,72.84711690000002,2.0,-1.0,0.0
8000000.0,19.2967192,72.87544659999999,2.0,1.0,-1.0
13000000.0,19.2100454,72.8183494,2.0,1.0,2.0
17400000.0,19.21104,72.869411,2.0,-1.0,0.0
35500000.0,19.0908063,72.90766690000001,3.0,1.0,-1.0
8500000.0,19.296263,72.86179200000001,2.0,1.0,1.0
33000000.0,19.1393186282774,72.83739037336471,4.0,1.0,-1.0
18000000.0,19.075029373168945,72.90982055664062,2.0,1.0,0.0
29000000.0,19.1523371746602,72.83092418126779,2.0,1.0,-1.0
17000000.0,19.1242932,72.9212788,2.0,1.0,-1.0
9500000.0,19.3693345,72.806127,2.0,1.0,1.0
25000000.0,19.12842,72.81988,2.0,1.0,2.0
34500000.0,19.051037,72.894389,2.0,1.0,-1.0
18000000.0,19.07907,72.907976,2.0,1.0,-1.0
31500000.0,18.995232,72.847578,2.0,1.0,-1.0
14500000.0,19.1545,72.93119,2.0,1.0,1.0
25000000.0,19.13844,72.812187,3.0,1.0,-1.0
16000000.0,19.0219072709714,72.8685268353121,2.0,-1.0,2.0
40000000.0,19.006180342037,72.8286779623475,2.0,1.0,-1.0
6800000.0,19.21221923828125,72.82118225097656,2.0,1.0,0.0
13799999.0,19.207601,72.879171,2.0,-1.0,1.0
22000000.0,19.093535,72.91149,2.0,1.0,-1.0
50000000.0,19.119190216064453,72.8646469116211,3.0,1.0,0.0
45000000.0,18.9723899,72.837633,3.0,1.0,-1.0
28000000.0,19.03731,72.87871,2.0,-1.0,1.0
15000000.0,19.136642456054688,72.93113708496094,2.0,1.0,0.0
30000000.0,18.989957,72.840012,2.0,1.0,-1.0
17000000.0,19.0151285,72.8580644,2.0,-1.0,0.0
18000000.0,19.03199958801269,72.90070343017578,2.0,1.0,2.0
32500000.0,19.1855878,72.9493718,3.0,1.0,-1.0
25000000.0,19.072039,72.8613518,2.0,1.0,-1.0
12500000.0,19.2364109,72.8695404,2.0,1.0,-1.0
44000000.0,19.1590077,72.86927109999999,3.0,1.0,1.0
37000000.0,19.0013826,72.84845279999999,3.0,-1.0,2.0
18500000.0,19.210628509521484,72.84156036376953,2.0,1.0,0.0
14000000.0,19.182497,72.941191,2.0,1.0,-1.0
24000000.0,19.1549192106419,72.84356576222049,2.0,-1.0,1.0
16000000.0,19.17539225,72.86148682,2.0,1.0,-1.0
18500000.0,19.1889733,72.8220064,3.0,1.0,0.0
23900000.0,19.13735580444336,72.83695220947266,2.0,1.0,2.0
24000000.0,19.25650405883789,72.85124206542969,3.0,1.0,0.0
28000000.0,19.110616,72.856052,3.0,1.0,0.0
21000000.0,19.052196502685547,72.89112091064453,2.0,1.0,1.0
32000000.0,19.11967658996582,72.90508270263672,3.0,1.0,0.0
38500000.0,19.07072639465332,72.83612823486328,2.0,1.0,0.0
16000000.0,19.1746739,72.94310379999999,2.0,1.0,0.0
17000000.0,19.112592000000003,72.896237,2.0,1.0,-1.0
19000000.0,19.0908063,72.90766690000001,2.0,1.0,-1.0
29000000.0,19.0266983,72.85302490000001,2.0,1.0,1.0
31200000.0,19.1889733,72.8220064,3.0,1.0,-1.0
26000000.0,19.0327996,72.89635679999999,2.0,1.0,-1.0
29000000.0,19.031132,72.843476,2.0,-1.0,1.0
17000000.0,19.206801,72.848506,2.0,-1.0,0.0
18500000.0,19.10846,72.87857,2.0,1.0,1.0
12500000.0,19.05128,72.89050999999999,2.0,-1.0,1.0
13799999.0,19.25584,72.86565,2.0,1.0,2.0
28000000.0,19.128953,72.9298045,4.0,1.0,1.0
27500000.0,19.1652117,72.84252912,2.0,1.0,-1.0
22500000.0,19.118968963623047,72.86405944824219,2.0,1.0,2.0
34000000.0,19.0627565,72.8545019,2.0,1.0,0.0
22500000.0,19.119198,72.894366,2.0,1.0,-1.0
13500000.0,19.2099947,72.86675079999999,2.0,1.0,0.0
15000000.0,19.2018545,72.815272,2.0,1.0,-1.0
17500000.0,19.1171775,72.8848865,2.0,1.0,-1.0
27500000.0,19.140062,72.829136,2.0,1.0,-1.0
40000000.0,19.01066,72.846255,3.0,1.0,2.0
47000000.0,19.0051754,72.8498377,3.0,1.0,1.0
21000000.0,19.11918830871582,72.86459350585938,2.0,1.0,1.0
20500000.0,19.20999526977539,72.86675262451172,2.0,1.0,0.0
30000000.0,19.2273218,72.8590594,4.0,1.0,-1.0
25400000.0,19.156373,72.93894499999999,3.0,-1.0,1.0
24500000.0,19.046912,72.90759,3.0,1.0,-1.0
13000000.0,19.15381050109864,72.95048522949219,2.0,1.0,2.0
11700000.0,19.104651,72.931782,2.0,1.0,-1.0
22500000.0,18.9497595,72.82939209999999,2.0,1.0,1.0
21000000.0,19.183819,72.86111600000001,2.0,1.0,-1.0
16000000.0,19.0908063,72.90766690000001,2.0,1.0,2.0
13899999.0,19.040233,72.8601801,2.0,-1.0,0.0
18700000.0,19.1164838,72.8853956,3.0,1.0,-1.0
13500000.0,19.18343,72.858513,2.0,1.0,-1.0
31500000.0,19.119508743286133,72.86332702636719,2.0,1.0,2.0
21000000.0,19.119304656982425,72.86461639404297,2.0,1.0,1.0
5200000.0,19.397359,72.842721,2.0,1.0,-1.0
16000000.0,19.0219072709714,72.8685268353121,2.0,1.0,-1.0
17500000.0,19.0899142203998,72.916868452269,2.0,-1.0,0.0
15000000.0,19.16434669494629,72.93975830078125,2.0,1.0,0.0
25000000.0,19.166696,72.937422,3.0,1.0,-1.0
15500000.0,19.1746739,72.94310379999999,2.0,1.0,2.0
45000000.0,19.108097076416016,72.83226013183594,4.0,1.0,0.0
12500000.0,19.154659271240234,72.9466552734375,2.0,1.0,0.0
45000000.0,18.964489,72.80726999999999,2.0,1.0,-1.0
32500000.0,19.183819,72.86111600000001,3.0,1.0,-1.0
26400000.0,19.210841,72.8755987441594,3.0,1.0,-1.0
24000000.0,19.1451617,72.8201661,2.0,1.0,-1.0
16000000.0,19.2420124,72.8559055,2.0,1.0,-1.0
21000000.0,19.2185629,72.85841717,3.0,1.0,-1.0
18000000.0,19.12998,72.933221,2.0,-1.0,0.0
19000000.0,19.195988,72.868512,2.0,1.0,-1.0
16000000.0,19.1173012,72.8840395,2.0,1.0,2.0
21000000.0,19.121117,72.883363,4.0,1.0,-1.0
13000000.0,19.205075,72.833235,2.0,1.0,1.0
21000000.0,19.12998,72.933221,2.0,1.0,-1.0
24000000.0,19.172554,72.941937,2.0,1.0,0.0
6800000.0,19.298435,72.85959,2.0,1.0,-1.0
24500000.0,19.21990105,72.86209583,2.0,1.0,-1.0
17200000.0,19.18537405,72.83869853,2.0,1.0,-1.0
22000000.0,19.079463,72.84955699999999,2.0,1.0,-1.0
24000000.0,19.0070668,72.8196482,2.0,1.0,-1.0
30000000.0,19.059559,72.839178,2.0,1.0,0.0
40000000.0,18.944761,72.793639,3.0,1.0,2.0
22500000.0,19.133092,72.93475,3.0,-1.0,1.0
32000000.0,19.149089,72.836862,3.0,-1.0,1.0
23500000.0,19.25609970092773,72.85292053222656,4.0,1.0,0.0
17000000.0,19.11897659301757,72.86408233642578,2.0,1.0,2.0
18000000.0,19.149900436401367,72.93113708496094,3.0,1.0,2.0
13100000.0,19.11891746520996,72.86404418945312,2.0,1.0,2.0
14000000.0,19.124859342493,72.88806860986558,2.0,1.0,-1.0
6500000.0,19.278546,72.870655,2.0,1.0,-1.0
10000000.0,19.280521392822266,72.85856628417969,2.0,1.0,1.0
22500000.0,19.1297376,72.8291555,2.0,1.0,2.0
17000000.0,19.2081479,72.8784717,2.0,1.0,-1.0
35000000.0,19.1297376,72.8291555,3.0,1.0,1.0
25000000.0,19.210841,72.8755987441594,3.0,1.0,-1.0
23500000.0,19.166970000000003,72.83154,2.0,-1.0,0.0
13700000.0,19.167625,72.842016,2.0,-1.0,0.0
37500000.0,19.0081756,72.8315419,3.0,1.0,-1.0
17000000.0,19.1459912,72.9358684,2.0,1.0,-1.0
22500000.0,19.212571,72.87352170000001,3.0,1.0,-1.0
27500000.0,19.22184,72.84352,3.0,-1.0,0.0
9340000.0,19.104650497436523,72.9317855834961,2.0,-1.0,1.0
25000000.0,19.1040673,72.91767840000001,3.0,1.0,-1.0
17500000.0,19.123266220092773,72.84797668457031,2.0,1.0,0.0
48500000.0,19.06680489,72.85129455,3.0,1.0,-1.0
40000000.0,19.070726,72.836127,3.0,1.0,-1.0
16000000.0,19.1746739,72.94310379999999,2.0,1.0,-1.0
17800000.0,19.090856552124023,72.9042739868164,2.0,1.0,1.0
26500000.0,19.1066926049648,72.898956721924,2.0,1.0,-1.0
29500000.0,19.129887,72.836147,3.0,1.0,0.0
32500000.0,18.98584,72.83894000000001,3.0,1.0,1.0
21700000.0,19.07906913757324,72.90797424316406,2.0,1.0,1.0
26400000.0,19.171175,72.94032800000001,3.0,-1.0,0.0
14500000.0,19.068050384521484,72.89604949951172,2.0,-1.0,0.0
42000000.0,18.9457243,72.82376049999999,3.0,1.0,-1.0
20000000.0,19.0327996,72.89635679999999,2.0,1.0,-1.0
30000000.0,19.0166667,72.8166667,2.0,1.0,-1.0
21000000.0,19.1203883516242,72.8945767798459,2.0,1.0,-1.0
28000000.0,19.0537162,72.874589,3.0,-1.0,1.0
35000000.0,19.08147,72.86251,3.0,1.0,1.0
17500000.0,19.211561,72.87060799999999,2.0,1.0,-1.0
14200000.0,19.207669,72.833345,2.0,1.0,-1.0
14400000.0,19.213053,72.81889100000001,2.0,1.0,-1.0
19200000.0,19.16703502,72.88127374,3.0,1.0,-1.0
36500000.0,18.998096278561693,72.84285746137698,3.0,1.0,-1.0
28000000.0,19.136784,72.86385899999999,3.0,1.0,-1.0
10300000.0,19.28217,72.87654,2.0,1.0,1.0
39000000.0,19.05634,72.91731999999999,3.0,1.0,0.0
49000000.0,19.014480590820312,72.82198333740234,2.0,1.0,1.0
19500000.0,19.10005168,72.88491275,2.0,1.0,-1.0
22500000.0,19.21221923828125,72.82118225097656,2.0,1.0,0.0
22500000.0,19.1962585940924,72.8727150125604,4.0,1.0,-1.0
20100000.0,19.141978,72.812312,2.0,-1.0,0.0
24000000.0,19.174673080444336,72.94310760498047,3.0,1.0,0.0
19500000.0,19.11890983581543,72.86436462402344,2.0,1.0,1.0
15100000.0,19.162992477416992,72.83930206298828,2.0,1.0,2.0
33000000.0,19.03731,72.87871,3.0,1.0,-1.0
37500000.0,19.100385,72.850466,3.0,1.0,0.0
26500000.0,19.2335321,72.839198,2.0,1.0,0.0
14400000.0,19.040233,72.8601801,2.0,-1.0,1.0
9500000.0,19.3693345,72.806127,2.0,1.0,0.0
13000000.0,19.2069605,72.879858,2.0,1.0,-1.0
41000000.0,19.162992477416992,72.83930206298828,3.0,1.0,2.0
8500000.0,19.26231203,72.87409673,2.0,1.0,-1.0
21000000.0,19.119260787963867,72.86461639404297,2.0,1.0,0.0
